k,name,regulator_readable,function,category,n_genes,exp_var,precision,recall,category_num
0,fModule_1,,,Uncharacterized,3,0.0020669644934312448,,,0
1,fModule_2,,,Uncharacterized,6,0.026252623325632718,,,1
2,fModule_3,,,Uncharacterized,1,0.009764845153001134,,,2
3,fModule_4,,,Uncharacterized,13,0.0031735368400183095,,,3
4,fModule_5,BenR,,Uncharacterized,13,0.0023259781220669185,0.3076923076923077,1.0,4
5,fModule_6,GcsR,,Uncharacterized,9,0.0013834033917282662,0.3333333333333333,0.75,5
6,fModule_7,GbdR,,Uncharacterized,22,0.0022159419887974874,0.7272727272727273,0.5714285714285714,6
7,fModule_8,GltR-II,,Uncharacterized,22,0.006092523619749768,0.18181818181818182,0.5714285714285714,7
8,fModule_9,,,Uncharacterized,14,0.005040705976662729,,,8
9,fModule_10,,,Uncharacterized,3,0.004017635457472579,,,9
10,fModule_11,PrpR,,Uncharacterized,16,0.005224797634252432,0.1875,0.5,10
11,fModule_12,BirA,,Uncharacterized,9,0.012449489683829862,0.4444444444444444,0.6666666666666666,11
12,fModule_13,ModR,,Uncharacterized,20,0.00422392580401687,0.15,1.0,12
13,fModule_14,PP_3359,,Uncharacterized,5,0.0015470426568566786,0.6,1.0,13
14,fModule_15,,,Uncharacterized,3,0.010913526841891508,,,14
15,fModule_16,PcaR,,Uncharacterized,16,0.019588810470980933,0.5,0.8888888888888888,15
16,fModule_17,PedR1,,Uncharacterized,20,0.0040919297020629575,0.65,0.3939393939393939,16
17,fModule_18,,,Uncharacterized,16,0.0030095594638409606,,,17
18,fModule_19,,,Uncharacterized,2,0.0036915744566461406,,,18
19,fModule_20,,,Uncharacterized,6,0.0033583167003372605,,,19
20,fModule_21,,,Uncharacterized,14,0.031204452209496858,,,20
21,fModule_22,,,Uncharacterized,22,0.0049712076509838,,,21
22,fModule_23,,,Uncharacterized,4,0.007052160511989203,,,22
23,fModule_24,,,Uncharacterized,3,0.004263998354862797,,,23
24,fModule_25,PrpR,,Uncharacterized,14,0.006837422940413229,0.2857142857142857,0.6666666666666666,24
25,fModule_26,,,Uncharacterized,11,0.0026848676452790876,,,25
26,fModule_27,,,Uncharacterized,5,0.009555894109265162,,,26
27,fModule_28,VanR,,Uncharacterized,9,0.0032371117492132617,0.2222222222222222,0.6666666666666666,27
28,fModule_29,,,Uncharacterized,6,0.0016343030088707966,,,28
29,fModule_30,HutC,,Uncharacterized,11,0.06891221492665889,0.36363636363636365,0.5,29
30,fModule_31,,,Uncharacterized,8,0.005848388229944157,,,30
31,fModule_32,,,Uncharacterized,4,0.009509854826977193,,,31
32,fModule_33,BirA,,Uncharacterized,12,0.003503555735422381,0.4166666666666667,0.8333333333333334,32
33,fModule_34,,,Uncharacterized,7,0.019140759888631953,,,33
34,fModule_35,,,Uncharacterized,6,0.011215584292421532,,,34
35,fModule_36,,,Uncharacterized,12,0.0023890775595555303,,,35
36,fModule_37,,,Uncharacterized,12,0.0027498284699503106,,,36
37,fModule_38,,,Uncharacterized,1,0.0037102695067462443,,,37
38,fModule_39,,,Uncharacterized,1,0.001834217765907309,,,38
39,fModule_40,,,Uncharacterized,3,0.0022950655467505188,,,39
40,fModule_41,,,Uncharacterized,10,0.002038559049018729,,,40
41,fModule_42,,,Uncharacterized,14,0.016787015255322446,,,41
42,fModule_43,PhhR,,Uncharacterized,11,0.0017796939846383975,0.18181818181818182,1.0,42
43,fModule_44,,,Uncharacterized,10,0.003064134592421386,,,43
44,fModule_45,,,Uncharacterized,17,0.002651305237304391,,,44
45,fModule_46,,,Uncharacterized,5,0.0015127351963867275,,,45
46,fModule_47,,,Uncharacterized,6,0.006525061600853088,,,46
47,fModule_48,,,Uncharacterized,7,0.005678819936631441,,,47
48,fModule_49,,,Uncharacterized,2,0.004483325814962025,,,48
49,fModule_50,PP_2046,,Uncharacterized,7,0.0033743718112698717,0.2857142857142857,0.4,49
50,fModule_51,,,Uncharacterized,19,0.002406282335667864,,,50
51,fModule_52,FleQ,,Uncharacterized,25,0.003937833857393547,0.92,0.08745247148288973,51
52,fModule_53,PP_5350,,Uncharacterized,11,0.008843731706417834,0.2727272727272727,0.6,52
53,fModule_54,,,Uncharacterized,1,0.0029440013474608673,,,53
54,fModule_55,,,Uncharacterized,14,0.007785471298223712,,,54
55,fModule_56,PydR,,Uncharacterized,6,0.0019994133891740873,0.5,0.6,55
56,fModule_57,,,Uncharacterized,5,0.0748422563499963,,,56
57,fModule_58,PrpR,,Uncharacterized,4,0.006407190722751532,0.5,0.3333333333333333,57
58,fModule_59,,,Uncharacterized,6,0.024460071548066842,,,58
59,fModule_60,,,Uncharacterized,7,0.0017594217599382622,,,59
60,fModule_61,,,Uncharacterized,6,0.0020484350842776555,,,60
61,fModule_62,PP_3603,,Uncharacterized,11,0.0025744703608975295,0.8181818181818182,0.6,61
62,fModule_63,,,Uncharacterized,5,0.0380362702767717,,,62
63,fModule_64,,,Uncharacterized,1,0.025062587039713313,,,63
64,fModule_65,DctD-II,,Uncharacterized,12,0.003563307726000775,0.3333333333333333,0.8,64
65,fModule_66,,,Uncharacterized,2,0.020531325159705238,,,65
66,fModule_67,,,Uncharacterized,3,0.03711169942631509,,,66
67,fModule_68,,,Uncharacterized,18,0.005953533109348319,,,67
68,fModule_69,,,Uncharacterized,2,0.03822382872712515,,,68
69,fModule_70,,,Uncharacterized,9,0.0033516952381378307,,,69
70,fModule_71,,,Uncharacterized,1,0.005024771033122377,,,70
71,fModule_72,,,Uncharacterized,5,0.0026661594032505453,,,71
72,fModule_73,RpoD,,Uncharacterized,3,0.002444620293069466,0.6666666666666666,1.0,72
73,fModule_74,,,Uncharacterized,9,0.08470292854167827,,,73
74,fModule_75,,,Uncharacterized,6,0.0186317089879392,,,74
75,fModule_76,,,Uncharacterized,21,0.005807284750575903,,,75
76,fModule_77,PsrA,,Uncharacterized,2,0.0014780679021249021,1.0,0.2222222222222222,76
77,fModule_78,,,Uncharacterized,7,0.001813781318036889,,,77
78,fModule_79,,,Uncharacterized,7,0.0031810787533328444,,,78
79,fModule_80,,,Uncharacterized,0,0.002143347534091511,,,79
80,fModule_81,,,Uncharacterized,1,0.013214233783992668,,,80
81,fModule_82,,,Uncharacterized,1,0.00443962059771108,,,81
82,fModule_83,,,Uncharacterized,4,0.0021568396430106107,,,82
83,fModule_84,,,Uncharacterized,3,0.00152408783875857,,,83
